id,name,slug
nomad_female_lord_costume_flame,Elena C,elena2
orc_gladiator_costume_chef,Boldtusk C,boldtusk2
oriental_female_mystic_costume_magician,Vivica C,vivica2
blackguard_commander_costume_metal,Tiburtus C,tiburtus2
nordic_male_lord_costume_senior,Richard C,richard2
oriental_enchanted_monk_costume_tiger,Joon C,joon2
royal_knight_costume_blacksmith,Gunnar C,gunnar2
oriental_brawler_costume_egypt,Bane C,bane2
forest_mage_costume_white,Melendor C,melendor2
forest_female_druid_costume_native,Brienne C,brienne2
goblin_mage_costume_candy,Skittleskull C,skittleskull2
elven_archer_costume_moon,Lianna C,lianna2
forest_titan_costume_jester,Horghall C,horghall2
royal_knight_costume_glass,Gunnar C2,gunnar3
oriental_female_templar_costume_kimono,Li Xiu C,li_xiu2
undead_running_skeleton_costume_roman,Tyrum C,tyrum2
royal_female_knight_costume_winter,Sonya C,sonya2
nomad_female_shaman_costume_native,Hawkmoon C,hawkmoon2
blackguard_knight_costume_elegant,Rigard C,rigard2
cultist_inventor_costume_steam,Quintus C,quintus2
nordic_ice_enchantress_costume_aqua,Isarnia C,isarnia2
lizardman_warrior_costume_dinosaur,Isshtak C,isshtak2
lizardman_trapper_costume_shaman,Kashhrek C,kashhrek2
forest_friar_costume_explorer,Friar Tuck C,friar_tuck2
exalted_warrior_costume_ice,Magni C,magni2
dwarven_smasher_costume_smith,Karil C,karil2
dwarven_guard_costume_ram,Boril C,boril2
cultist_sorceress_costume_shaman,Sartana C,sartana2
blackguard_skulker_costume_doctor,Renfeld C,renfeld2
forest_archer_costume_warrior,Berden C,berden2
elven_captain_costume_mask,Caedmon C,caedmon2
dwarwen_brewmaster_costume_guitarist,Kiril C,kiril2
cultist_mage_costume_voodoo,Balthazar C,balthazar2
blackguard_female_captain_costume_musketeer,Prisca C,prisca2
nomad_female_swordmaster_costume_native,Azar C,azar2
magitech_sniper_costume_steampunk,Domitia C,domitia2
lionman_barbarian_costume_armor,Azlar C,azlar2
goblin_fighter_costume_evil,Carver C,carver2
forest_woodsman_warrior_costume_camouflage,Little John C,little_john2
forest_male_elf_costume_dark,Elkanen C,elkanen2
forest_female_spirit_costume_autumn,Belith C,belith2
forest_female_elf_costume_mage,Kadilen C,kadilen2
nomad_female_captain_costume_pirate,Marjana C,marjana2
nomad_mage_costume_goggles,Jahangir C,jahangir2
oriental_warrior_king_costume_roman,Leonidas C,leonidas2
orc_troopmaster_costume_merchant,Gormek C,gormek2
nordic_chained_werewolf_costume_raccoon,Graymane C,graymane2
nordic_ancestral_warrior_costume_corrupted,Grimm C,grimm2
oriental_female_guard_costume_soldier,Dawa C,dawa2
nomad_female_assassin_costume_poison,Scarlett C,scarlett2
undead_captain_warrior_costume_prince,Cyprian C,cyprian2
exalted_female_statue_costume_sungoddess,Justice C,justice2
undead_horned_skeleton_costume_fool,Oberon C,oberon2
oriental_panda_berserker_costume_farmer,Gan Ju C,gan_ju2
royal_knight_commander_costume_king,Thorne C,thorne2
nordic_swordman_costume_climber,Valen C,valen2
oriental_panda_warrior_costume_armor,Hu Tao C,hu_tao2
undead_female_warrior_costume_princess,Sabina C,sabina2
nomad_female_berserker_costume_shaman,Kelile C,kelile2
oriental_female_mage_costume_mender,Kailani C,kailani2
nordic_mage_costume_hermit,Ulmer C,ulmer2
tribal_chief_costume_conqueror,Khagan C,khagan2
nomad_axe_adventurer_costume_magma,Colen C,colen2
orc_warrior_costume_urukhai,Nashgar C,nashgar2
underworld_champion_costume_champion,Obakan C,obakan2
oriental_falconer_costume_dodo,Chao C,chao2
oriental_monkey_captain_costume_warrior,Wu Kong C,wu_kong2
s2_poseidon_costume_slayer,Poseidon C,poseidon2
s2_ariel_costume_enchanter,Ariel C,ariel2
s2_cursed_samurai_costume_beetle,Kageburado C,kageburado2
s2_ursena_costume_reef,Ursena C,ursena2
easter_killhare_costume_farmer,Killhare C,killhare2
rabbit_blue_costume_riftbreaker,Master Lepus C,master_lepus2
sand_queen_costume_surfer,Rana C,rana2
sand_king_costume_lifeguard,Yunan C,yunan2
fire_god_doom_costume_avenger,Gravemaker C,gravemaker2
dark_god_seshat_costume_revenant,Seshat C,seshat2
holy_god_drake_lee_costume_serene,Drake Fong C,drake_fong2
pirate_commodore_finley_costume_bleak,Finley C,finley2
ice_god_athena_costume_wargoddess,Athena C,athena2
forest_god_oberon_costume_everoak,Alberich C,alberich2
ice_god_eskimo_costume_champion,Alasie C,alasie2
pirate_marie_therese_costume_priestess,Marie-Thérèse C,marie-thérèse2
fables_rumpelstiltskin_costume_eternal,Rumpel[-]stiltskin C,rumpel[-]stiltskin2
fables_snow_white_costume_slayer,Snow White C,snow_white2
wonderland_white_rabbit_costume_mask,White Rabbit C,white_rabbit2
wonderland_jabberwocky_costume_moth,Jabberwock C,jabberwock2
knights_black_knight_costume_negative,Black Knight C,black_knight2
knights_lady_of_the_lake_costume_blades,Lady of the Lake C,lady_of_the_lake2
guardian_gorilla_chieftain_costume_conqueror,Guardian Kong C,guardian_kong2
guardian_cat_warrior_costume_fierce,Guardian Panther C,guardian_panther2
vampire_king_costume_mafia,Victor C,victor2
halloween_vanda_costume_mafia,Vanda C,vanda2
halloween_francine_costume_mafia,Francine C,francine2
halloween_frank_costume_mafia,Frank C,frank2
christmas_mrs_claus_costume_fangirl,Mother North C,mother_north2
christmas_santa_costume_metal,Santa Claus C,santa_claus2
christmas_krampus_costume_eager_devil,Krampus C,krampus2
rabbit_green_costume_egg_hunter,Jack O'Hare C,jack_o'hare2
s2_fox_girl_costume_white_kitsune,Inari C,inari2
s2_rugged_fisherman_costume_sake_master,Wilbur C,wilbur2
s2_atlantean_robot_costume_sentinel,Gadeirus C,gadeirus2
s2_ghost_woman_costume_yurei,Ameonna C,ameonna2
s2_merman_costume_leutenant,Mnesseus C,mnesseus2
s2_merwoman_costume_emissary,Melia C,melia2
sand_roc_costume_juice,Roc C,roc2
s3_skadi_costume_ravager,Skadi C,skadi2
s3_baldur_costume_fiery,Baldur C,baldur2
s3_sif_costume_golden,Sif C,sif2
s3_gefjon_costume_wilderness,Gefjon C,gefjon2
s3_freya_costume_witch,Freya C,freya2
s3_heimdall_costume_dreaded,Heimdall C,heimdall2
s3_gullinbursti_costume_toxic,Gullinbursti C,gullinbursti2
s3_sumle_costume_unhallowed,Sumle C,sumle2
s3_kvasir_costume_captain,Kvasir C,kvasir2
s3_bjorn_costume_viking,Bjorn C,bjorn2
nomad_female_berserker_costume_sorceress,Kelile C2,kelile3
forest_male_elf_costume_king,Elkanen C2,elkanen3
nordic_ice_enchantress_costume_ruler,Isarnia C2,isarnia3
underworld_champion_costume_vampire,Obakan C2,obakan3
oriental_enchanted_monk_costume_stoneguard,Joon C2,joon3
exalted_warrior_costume_underworld,Magni C2,magni3
tribal_chief_costume_leopard,Khagan C2,khagan3
exalted_female_statue_costume_thorns,Justice C2,justice3
magitech_sniper_costume_undead,Domitia C2,domitia3
forest_titan_costume_nightmare,Horghall C2,horghall3
oriental_warrior_king_costume_mage,Leonidas C2,leonidas3
oriental_female_mystic_costume_scribe,Vivica C2,vivica3
cultist_inventor_costume_love_doctor,Quintus C2,quintus3
dwarwen_brewmaster_costume_wood_carver,Kiril C2,kiril3
elven_captain_costume_cavalier,Caedmon C2,caedmon3
oriental_female_templar_costume_fireworks,Li Xiu C2,li_xiu3
undead_captain_warrior_costume_reveller,Cyprian C2,cyprian3
guardian_gazelle_costume_bandalore,Guardian Gazelle C,guardian_gazelle2
guardian_jackal_assassin_costume_bones,Guardian Jackal C,guardian_jackal2
knights_guinevere_costume_rider,Guinevere C,guinevere2
knights_merlin_costume_astrology,Merlin C,merlin2
nomad_female_archer,Sharan,sharan
nomad_scout,Tudan,tudan
trainer_red_common,,
nomad_female_thief,Jill,jill
nomad_fighter,Farid,farid
nomad_shaman,Shaarkot,shaarkot
orc_skirmisher,Zudak,zudak
trainer_red_uncommon,,
nomad_female_shaman,Hawkmoon,hawkmoon
nomad_female_swordmaster,Azar,azar
nomad_mage,Jahangir,jahangir
orc_warrior,Nashgar,nashgar
trainer_red_rare,,
nomad_axe_adventurer,Colen,colen
nomad_female_assassin,Scarlett,scarlett
nomad_female_berserker,Kelile,kelile
orc_gladiator,Boldtusk,boldtusk
orc_troopmaster,Gormek,gormek
trainer_red_epic,,
lionman_barbarian,Azlar,azlar
nomad_female_captain,Marjana,marjana
nomad_female_lord,Elena,elena
tribal_chief,Khagan,khagan
forest_female_warrior,Aife,aife
forest_woodsman,Derric,derric
trainer_green_common,,
forest_female_illusionist,Jenneh,jenneh
forest_thug,Brogan,brogan
goblin_archer,Needler,needler
trainer_green_uncommon,,
forest_archer,Berden,berden
forest_female_druid,Brienne,brienne
forest_female_spirit,Belith,belith
forest_friar,Friar Tuck,friar_tuck
goblin_fighter,Carver,carver
lizardman_warrior,Isshtak,isshtak
trainer_green_rare,,
elven_captain,Caedmon,caedmon
forest_mage,Melendor,melendor
forest_woodsman_warrior,Little John,little_john
goblin_mage,Skittleskull,skittleskull
lizardman_trapper,Kashhrek,kashhrek
trainer_green_epic,,
elven_archer,Lianna,lianna
forest_female_elf,Kadilen,kadilen
forest_male_elf,Elkanen,elkanen
forest_titan,Horghall,horghall
nordic_female_scout,Sigrunn,sigrunn
nordic_warrior,Brand,brand
trainer_blue_common,,
dwarven_scout,Toril,toril
nordic_female_warrior,Ragnhild,ragnhild
royal_pikeman,Olaf,olaf
trainer_blue_uncommon,,
dwarven_smasher,Karil,karil
nordic_chained_werewolf,Graymane,graymane
nordic_mage,Ulmer,ulmer
nordic_swordman,Valen,valen
royal_knight,Gunnar,gunnar
trainer_blue_rare,,
dwarven_guard,Boril,boril
dwarwen_brewmaster,Kiril,kiril
nordic_ancestral_warrior,Grimm,grimm
royal_female_knight,Sonya,sonya
trainer_blue_epic,,
exalted_warrior,Magni,magni
nordic_ice_enchantress,Isarnia,isarnia
nordic_male_lord,Richard,richard
royal_knight_commander,Thorne,thorne
oriental_female_ninja,Hikaru,hikaru
oriental_warrior,Kenjiro,kenjiro
trainer_yellow_common,,
oriental_monkey_warrior,Hou,hou
oriental_panda_scout,Sha Ji,sha_ji
oriental_squire,Nash,nash
trainer_yellow_uncommon,,
oriental_brawler,Bane,bane
oriental_female_guard,Dawa,dawa
oriental_female_mage,Kailani,kailani
oriental_panda_berserker,Gan Ju,gan_ju
trainer_yellow_rare,,
oriental_falconer,Chao,chao
oriental_female_templar,Li Xiu,li_xiu
oriental_monkey_captain,Wu Kong,wu_kong
oriental_panda_warrior,Hu Tao,hu_tao
trainer_yellow_epic,,
exalted_female_statue,Justice,justice
oriental_enchanted_monk,Joon,joon
oriental_female_mystic,Vivica,vivica
oriental_warrior_king,Leonidas,leonidas
blackguard_female_archer,Nightshade,nightshade
cultist_thief,Fletcher,fletcher
trainer_purple_common,,
blackguard_scout,Julius,julius
cultist_female_poisoner,Layla,layla
trainer_purple_uncommon,,
undead_screaming_zombie,Silthus,silthus
blackguard_female_captain,Prisca,prisca
blackguard_skulker,Renfeld,renfeld
cultist_mage,Balthazar,balthazar
trainer_purple_rare,,
undead_horned_skeleton,Oberon,oberon
undead_running_skeleton,Tyrum,tyrum
blackguard_commander,Tiburtus,tiburtus
blackguard_knight,Rigard,rigard
trainer_purple_epic,,
undead_captain_warrior,Cyprian,cyprian
undead_female_warrior,Sabina,sabina
cultist_inventor,Quintus,quintus
cultist_sorceress,Sartana,sartana
magitech_sniper,Domitia,domitia
underworld_champion,Obakan,obakan
rabbit_red,Squire Wabbit,squire_wabbit
fire_god_ares,Ares,ares
fire_god_natalya,Natalya,natalya
pirate_swashbuckler,Captain Kestrel,captain_kestrel
pirate_cabin_boy,Peters,peters
rabbit_green,Jack O'Hare,jack_o'hare
pirate_lady,Lady Locke,lady_locke
forest_god_oberon,Alberich,alberich
forest_god_zeline,Zeline,zeline
ice_god_athena,Athena,athena
ice_god_perseus,Perseus,perseus
rabbit_blue,Master Lepus,master_lepus
holy_god_musashi,Musashi,musashi
pirate_first_mate,Boomer,boomer
dark_god_hel,Hel,hel
witch_king,Thoth-Amun,thoth-amun
pirate_dread_captain,Sargasso,sargasso
guardian_cat_warrior,Guardian Panther,guardian_panther
guardian_owl_gentleman,Guardian Owl,guardian_owl
guardian_jackal_assassin,Guardian Jackal,guardian_jackal
guardian_falcon_priest,Guardian Falcon,guardian_falcon
guardian_gorilla_chieftain,Guardian Kong,guardian_kong
knights_guinevere,Guinevere,guinevere
knights_king_arthur,King Arthur,king_arthur
knights_sir_lancelot,Sir Lancelot,sir_lancelot
knights_morgan_le_fay,Morgan Le Fay,morgan_le_fay
knights_merlin,Merlin,merlin
holy_god_delilah,Delilah,delilah
dark_god_aeron,Aeron,aeron
ice_god_eskimo,Alasie,alasie
fire_god_doom,Gravemaker,gravemaker
s2_chameleon_mage,Agwe,agwe
s2_chameleon_chief,Gobbler,gobbler
s2_rugged_fisherman,Wilbur,wilbur
s2_junglehunter,Tarlak,tarlak
s2_hammerhead_hulk,Mok-Arr,mok-arr
s2_mercenary_woman,Misandra,misandra
s2_tanuki_raccoon,Danzaburo,danzaburo
s2_ghost_woman,Ameonna,ameonna
s2_demon_master,Sumitomo,sumitomo
s2_noble_lady,Mitsuko,mitsuko
s2_fox_girl,Inari,inari
s2_cursed_samurai,Kageburado,kageburado
s2_proteus,Proteus,proteus
s2_triton,Triton,triton
s2_skyllaros,Atomos,atomos
s2_ariel,Ariel,ariel
s2_poseidon,Poseidon,poseidon
s2_fiji_mermaid,Gill-Ra,gill-ra
s2_merwoman,Melia,melia
s2_merman,Mnesseus,mnesseus
s2_straw_demon,Namahage,namahage
s2_atlantean_robot,Gadeirus,gadeirus
s2_croc_man,Gato,gato
s2_lantern_ghost,Chochin,chochin
forest_god_gregorion,Gregorion,gregorion
holy_god_drake_lee,Drake Fong,drake_fong
fables_boss_wolf,Boss Wolf,boss_wolf
fables_red_hood,Red Hood,red_hood
fables_hansel,Hansel,hansel
fables_gretel,Gretel,gretel
fables_rumpelstiltskin,Rumpel[-]stiltskin,rumpel[-]stiltskin
sand_horse,Hisan,hisan
sand_tower,Jabbar,jabbar
sand_soldier,Arman,arman
sand_vizier,Gafar,gafar
sand_king,Yunan,yunan
sand_queen,Rana,rana
dark_god_september,Khiona,khiona
ice_god_october,Aegir,aegir
vampire_lord,Vlad,vlad
vampire_queen,Valeria,valeria
vampire_king,Victor,victor
fire_god_zimkitha,Zimkitha,zimkitha
forest_god_evelyn,Evelyn,evelyn
wonderland_alice,Alice,alice
wonderland_queen,Queen of Hearts,queen_of_hearts
wonderland_captain,Captain of Diamonds,captain_of_diamonds
wonderland_cheshire_cat,Cheshire Cat,cheshire_cat
wonderland_hatter,The Hatter,the_hatter
christmas_elf,Buddy,buddy
christmas_mrs_claus,Mother North,mother_north
christmas_santa,Santa Claus,santa_claus
christmas_reindeer,Rudolph,rudolph
holy_god_onatel,Onatel,onatel
dark_god_kunchen,Kunchen,kunchen
ice_god_frida,Frida,frida
fire_god_anzogh,Anzogh,anzogh
forest_god_elinor,Margaret,margaret
holy_god_ranvir,Ranvir,ranvir
dark_god_seshat,Seshat,seshat
ice_god_miki,Miki,miki
s2_chameleon_bruiser,Muggy,muggy
s2_ursena,Ursena,ursena
pirate_commodore_finley,Finley,finley
pirate_marie_therese,Marie-Thérèse,marie-thérèse
fire_god_nadnog,Grazul,grazul
guardian_chameleon,Guardian Chameleon,guardian_chameleon
forest_god_kingston,Kingston,kingston
knights_black_knight,Black Knight,black_knight
knights_lady_of_the_lake,Lady of the Lake,lady_of_the_lake
fables_puss_in_boots,Puss in Boots,puss_in_boots
guardian_gazelle,Guardian Gazelle,guardian_gazelle
fables_snow_white,Snow White,snow_white
wonderland_jabberwocky,Jabberwock,jabberwock
wonderland_white_rabbit,White Rabbit,white_rabbit
pirate_vodnik,Vodnik,vodnik
wonderland_bear,Shrubbear,shrubbear
guardian_bat,Guardian Bat,guardian_bat
knights_bauchan,Bauchan,bauchan
fables_pixie,Pixie,pixie
holy_god_neith,Neith,neith
dark_god_grimble,Grimble,grimble
ice_god_vela,Vela,vela
fire_god_jean_francois,Jean-François,jean-françois
s3_heimdall,Heimdall,heimdall
s3_ratatoskr,Ratatoskr,ratatoskr
s3_jott,Jott,jott
s3_sudri,Sudri,sudri
forest_god_telluria,Telluria,telluria
s3_grevle,Grevle,grevle
s3_baldur,Baldur,baldur
s3_nordri,Nordri,nordri
s3_tyr,Tyr,tyr
s3_sif,Sif,sif
s3_mireweave,Mireweave,mireweave
s3_jarvur,Jarvur,jarvur
s3_mist,Mist,mist
s3_brynhild,Brynhild,brynhild
s3_shadereave,Shadereave,shadereave
s3_freya,Freya,freya
s3_ei_dunn,Ei-Dunn,ei-dunn
s3_agnes,Agnes,agnes
s3_gullinbursti,Gullinbursti,gullinbursti
s3_anwindr,An-Windr,an-windr
s3_fura,Fura,fura
s3_almur,Almur,almur
s3_bjorn,Bjorn,bjorn
s3_kvasir,Kvasir,kvasir
s3_stonecleave,Stonecleave,stonecleave
s3_sumle,Sumle,sumle
s3_by_ulf,By-Ulf,by-ulf
s3_alfrike,Alfrike,alfrike
s3_norns,Norns,norns
s3_fenrir,Fenrir,fenrir
holy_god_malosi,Malosi,malosi
dark_god_clarissa,Clarissa,clarissa
ice_god_raffaele,Raffaele,raffaele
s3_skadi,Skadi,skadi
easter_chick_jr,Chick Jr.,chick_jr.
easter_lady_woolerton,Lady Woolerton,lady_woolerton
easter_sir_roostley,Sir Roostley,sir_roostley
easter_killhare,Killhare,killhare
hidden_dark_god_myztero,Myztero,myztero
s3_gefjon,Gefjon,gefjon
s3_frigg,Frigg,frigg
s3_odin,Odin,odin
s3_loki_fish,Salmon Loki,salmon_loki
sand_roc,Roc,roc
s3_loki_female,Lady Loki,lady_loki
s3_thor,Thor,thor
holy_god_bai_yeong,Bai Yeong,bai_yeong
forest_god_zocc,Zocc,zocc
fire_god_noor,Noor,noor
s3_bera,Bera,bera
dark_god_zulag,Zulag,zulag
ice_god_glenda,Glenda,glenda
fire_god_reuben,Reuben,reuben
s3_loki_male,Lord Loki,lord_loki
ninja_onyx,Onyx,onyx
ninja_mica,Mica,mica
ninja_garnet,Garnet,garnet
ninja_jade,Jade,jade
ninja_cobalt,Cobalt,cobalt
ninja_shale,Shale,shale
ninja_sapphire,Sapphire,sapphire
ninja_ametrine,Ametrine,ametrine
halloween_frank,Frank,frank
halloween_francine,Francine,francine
halloween_vanda,Vanda,vanda
halloween_jack,Jack,jack
christmas_carol,Carol,carol
christmas_frosty,Frosty,frosty
christmas_krampus,Krampus,krampus
nature_god_bertila,Bertila,bertila
holy_god_uraeus,Uraeus,uraeus
s4_aouda,Aouda,aouda
s4_captain_nemo,Captain Nemo,captain_nemo
s4_professor_lidenbrock,Prof. Lidenbrock,prof._lidenbrock
s4_doctor_moreau,Dr. Moreau,dr._moreau
s4_zenobia,Zenobia,zenobia
s4_phileas_fogg,Phileas Fogg,phileas_fogg
villain_toxicandra,Toxicandra,toxicandra
villain_crystalis,Crystalis,crystalis
villain_asterius,Asterius,asterius
villain_karnov,Karnov,karnov
villain_dark_lord,Dark Lord,dark_lord
villain_isrod,Isrod,isrod
villain_ingolf,Ingolf,ingolf
villain_sanngrior,Sanngrior,sanngrior
villain_edd,Edd,edd
villain_skrekok,Skrekok,skrekok
dark_god_malicna,Malicna,malicna
ice_god_frosth,Frosth,frosth
s4_lepiota,Lepiota,lepiota
s4_akkorog,Akkorog,akkorog
s4_russula,Russula,russula
s4_passepartout,Passepartout,passepartout
s4_garjammal,Garjammal,garjammal
s4_morel,Morel,morel
s4_octros,Octros,octros
fire_god_yang_mai,Yang Mai,yang_mai
s4_lughaidh,Lughaidh,lughaidh
s4_xnolphod,Xnolphod,xnolphod
s4_griffin,Griffin,griffin
s4_mack,Mack,mack
s4_zila_lei,Zila Lei,zila_lei
s4_rokkamush,Rokkamush,rokkamush
s4_helo,Helo,helo
s4_gramps,Gramps,gramps
s4_tettukh,Tettukh,tettukh
s4_poppy,Poppy,poppy
s4_vollermork,Vollermork,vollermork
s4_morris,Morris,morris
forest_god_elradir,Elradir,elradir
s4_hannah,Hannah,hannah
s4_elizabeth,Elizabeth,elizabeth
circus_eiora_and_fluffy,Eiora & Fluffy,eiora_&_fluffy
circus_marcel,Marcel,marcel
circus_dandre,D'Andre,d'andre
circus_eichbelborg,Eichbelborg,eichbelborg
circus_candy,Candy,candy
circus_whacker,Whacker,whacker
circus_theobald,Theobald,theobald
circus_director_zuri,Director Zuri,director_zuri
circus_bobo,Bobo,bobo
circus_emilio,Emilio,emilio
circus_faline,Faline,faline
holy_god_devana,Devana,devana
magic_milena,Milena,milena
magic_cristobal,Cristóbal,cristóbal
magic_motega,Motega,motega
magic_agrafena,Agrafena,agrafena
magic_nadezhda,Nadezhda,nadezhda
magic_anton,Anton,anton
magic_anastasia,Anastasia,anastasia
magic_sergei,Sergei,sergei
magic_dolgoon,Dölgöön,dölgöön
magic_kornel,Kornel,kornel
dark_god_chakkoszrot,Chakkoszrot,chakkoszrot
ice_god_alexandrine,Alexandrine,alexandrine
slayer_cathal,Cathal,cathal
slayer_saoirse,Saoirse,saoirse
slayer_caitlin,Caitlín,caitlín
slayer_rian,Rian,rian
slayer_senan,Senan,senan
slayer_orla,Orla,orla
slayer_cillian,Cillian,cillian
slayer_noril,Noril,noril
slayer_aodhan,Aodhan,aodhan
slayer_maeve,Maeve,maeve
fire_god_russell,Russell,russell
ninja_topaz,Topaz,topaz
ninja_ruby,Ruby,ruby
ninja_zircon,Zircon,zircon
ninja_peridot,Peridot,peridot
ninja_quartz,Quartz,quartz
nature_god_balbar,Balbar,balbar
castle_wolf_quenell,Quenell,quenell
castle_wolf_ludwig,Ludwig,ludwig
castle_wolf_wolfgang,Wolfgang,wolfgang
castle_wolf_esme,Esme,esme
castle_wolf_ferant,Ferant,ferant
castle_wolf_bertulf,Bertulf,bertulf
castle_raven_wren,Wren,wren
castle_raven_aderyn,Aderyn,aderyn
holy_god_hanitra,Hanitra,hanitra
gargoyle_gaillard,Gaillard,gaillard
gargoyle_penolite,Peñolite,peñolite
s4_zekena,Zekena,zekena
s4_exeera,Exeera,exeera
christmas_mr_pengi,Mr. Pengi,mr._pengi
dark_god_viscaro,Viscaro,viscaro
s5_sobek,Sobek,sobek
s5_hathor,Hathor,hathor
s5_eset,Eset,eset
s5_maat,Ma'at,ma'at
s5_set,Set,set
s5_sekhmet,Sekhmet,sekhmet
s5_horus,Horus,horus
s5_scoratek,Scoratek,scoratek
ice_god_iris,Iris,iris
s4_kravekrush,Kravekrush,kravekrush
castle_raven_lewena,Lewena,lewena
castle_raven_rayne,Rayne,rayne
castle_raven_eloise,Eloise,eloise
castle_raven_franz,Franz,franz
castle_raven_quintin,Quintin,quintin
s4_congalach,Congalach,congalach
pirate_sally,Sally,sally
guardian_lemur,Guardian Lemur,guardian_lemur
wonderland_phoenicus,Phoenicus,phoenicus
knights_treevil,Treevil,treevil
fables_gnomer,Gnomer,gnomer
kingdom_cao_cao,Cao Cao,cao_cao
kingdom_lu_bu,Lu Bu,lu_bu
kingdom_wang_yuanji,Wang Yuanji,wang_yuanji
kingdom_diaochan,Diaochan,diaochan
kingdom_liu_bei,Liu Bei,liu_bei
kingdom_zhuge_liang,Zhuge Liang,zhuge_liang
kingdom_sun_quan,Sun Quan,sun_quan
kingdom_sun_shangxiang,Sun Shangxiang,sun_shangxiang
kingdom_xiahou_dun,Xiahou Dun,xiahou_dun
kingdom_guan_yu,Guan Yu,guan_yu
kingdom_zhang_fei,Zhang Fei,zhang_fei
kingdom_zhou_yu,Zhou Yu,zhou_yu
kingdom_yao,Yao,yao
kingdom_jing,Jing,jing
kingdom_li,Li,li
s5_khepri,Khepri,khepri
s5_khafre,Khufu,khufu
s5_hetepheres,Hetepheres,hetepheres
s5_ahmose,Ahmose,ahmose
s5_bastet,Bastet,bastet
s5_cleopatra,Cleopatra,cleopatra
s5_tetisheri,Tetisheri,tetisheri
s5_papyros,Papyros,papyros
s5_khonshu,Khonshu,khonshu
s5_waqas,Waqas,waqas
s5_ahhotep,Ahhotep,ahhotep
s5_junaid,Junaid,junaid
s5_faiez,Faiez,faiez
s5_rekhetre,Rekhetre,rekhetre
s5_el_naddaha,El Naddaha,el_naddaha
s5_ptolemy,Ptolemy,ptolemy
s5_jarif,Jarif,jarif
s5_aqeela,Aqeela,aqeela
s5_bennu,Bennu,bennu
s5_azmia,Azmia,azmia
fire_god_zagrog,Zagrog,zagrog
nature_god_silvaria,Silvaria,silvaria
s5_anubis,Anubis,anubis
s4_hulda,Hulda,hulda
gargoyle_el_duque,El Duque,el_duque
gargoyle_hohenwerf,Hohenwerf,hohenwerf
gargoyle_arco,Arco,arco
gargoyle_goseck,Goseck,goseck
gargoyle_kemeny,Kemény,kemény
gargoyle_matrera,Matrera,matrera
gargoyle_kalo,Kalø,kalø
gargoyle_bellerive,Bellerive,bellerive
gargoyle_soroca,Soroca,soroca
gargoyle_budatin,Budatín,budatín
holy_god_kara,Kara,kara
s2_tethys,Tethys,tethys
s2_oceanus,Oceanus,oceanus
dark_god_arfanias,Arfanias,arfanias
ice_god_klaern,Klaern,klaern
kalevala_ilmarinen,Ilmarinen,ilmarinen
kalevala_louhi,Louhi,louhi
kalevala_vainamoinen,Väinämöinen,väinämöinen
kalevala_kullervo,Kullervo,kullervo
kalevala_aino,Aino,aino
kalevala_iku_turso,Iku-Turso,iku-turso
kalevala_mielikki,Mielikki,mielikki
kalevala_lemminkainen,Lemminkäinen,lemminkäinen
kalevala_joukahainen,Joukahainen,joukahainen
styx_hypnos,Hypnos,hypnos
styx_nyx,Nyx,nyx
kalevala_para,Para,para
bard_phenexa,Phenexa,phenexa
bard_rhys,Rhys,rhys
bard_winifred,Winifred,winifred
bard_narcisa,Narcisa,narcisa
bard_zhabog,Zhabog,zhabog
trainer_rainbow_common,,
trainer_rainbow_uncommon,,
trainer_rainbow_rare,,
trainer_rainbow_epic,,
trainer_rainbow_legendary,,
fire_god_tahir,Tahir,tahir
forest_god_grace,Grace,grace
styx_erebus,Erebus,erebus
styx_thanatos,Thanatos,thanatos
styx_charon,Charon,charon
styx_amphitrite,Amphitrite,amphitrite
styx_nemesis,Nemesis,nemesis
styx_arges,Arges,arges
styx_brontes,Brontes,brontes
styx_steropes,Steropes,steropes
styx_dante,Dante,dante
styx_virgil,Virgil,virgil
monster_hunter_adalinda,Adalinda,adalinda
monster_hunter_hawthorn,Hawthorn,hawthorn
monster_hunter_kai,Kai,kai
monster_hunter_cleaver,Cleaver,cleaver
monster_hunter_malin,Malin,malin
monster_hunter_waterpipe,Waterpipe,waterpipe
monster_hunter_meadow,Meadow,meadow
monster_hunter_hammertusk,Hammertusk,hammertusk
monster_hunter_ebba,Ebba,ebba
monster_hunter_edelaide,Edelaide,edelaide
elemental_zandria,Zandria,zandria
elemental_jequn,Jequn,jequn
elemental_zengar,Zengar,zengar
elemental_anzia,Anzia,anzia
elemental_xandrella,Xandrella,xandrella
elemental_roz,Roz,roz
elemental_doxan,Doxan,doxan
elemental_ignazio,Ignazio,ignazio
elemental_griffex,Griffex,griffex
elemental_aconia,Aconia,aconia
holy_god_celidana,Celidana,celidana
monster_hunter_dawn,Dawn,dawn
monster_hunter_fianna,Fianna,fianna
monster_hunter_maheegan,Maheegan,maheegan
halloween_lucinda,Lucinda,lucinda
halloween_edwin,Edwin,edwin
halloween_amber,Amber,amber
halloween_alucard,Alucard,alucard
halloween_miriam_and_midnight,Miriam & Midnight,miriam_&_midnight
halloween_matilda,Matilda,matilda
halloween_ana_belle,Ana-Belle,ana-belle
halloween_goopy,Goopy,goopy
mighty_pet_furdinand,Furdinand,furdinand
mighty_pet_cupcake,Cupcake,cupcake
mighty_pet_cinnamon,Cinnamon,cinnamon
mighty_pet_snowball,Snowball,snowball
mighty_pet_chomper,Chomper,chomper
mighty_pet_hachiko,Hachiko,hachiko
dark_god_morax,Morax,morax
pirate_anne,Anne,anne
mighty_pet_ribbit,Ribbit,ribbit
mighty_pet_rufus,Rufus,rufus
mighty_pet_waddles,Waddles,waddles
mighty_pet_luna,Luna,luna
mighty_pet_toto,Max,max
mighty_pet_barkley,Barkley,barkley
mighty_pet_bubbles,Bubbles,bubbles
ice_god_balur,Balur,balur
masquerade_fortuna,Fortuna,fortuna
masquerade_jove,Jove,jove
bard_celimene,Celimene,celimene
bard_ogima,Ogima,ogima
bard_belladonna,Belladonna,belladonna
bard_garyas,Garyas,garyas
bard_zarel,Zarel,zarel
mystery_enigmo,Enigmo,enigmo
ninja_ekanite,Ekanite,ekanite
ninja_azurite,Azurite,azurite
ninja_kushanku,Kushanku,kushanku
ninja_oniwakamaru,Oniwakamaru,oniwakamaru
ninja_serandite,Serandite,serandite
ninja_myoinni,Myoin-ni,myoin-ni
ninja_morganite,Morganite,morganite
ninja_tametomo,Tametomo,tametomo
ninja_kinsaishi,Kinsaishi,kinsaishi
ninja_amethyst,Amethyst,amethyst
nomad_female_assassin_costume_dancer,Scarlett C2,scarlett3
s3_odin_costume_champion,Odin C,odin2
s3_tyr_costume_savage,Tyr C,tyr2
s3_frigg_costume_clairvoyance,Frigg C,frigg2
s3_thor_costume_conduit,Thor C,thor2
s3_fenrir_costume_guardian,Fenrir C,fenrir2
ice_god_perseus_costume_frozen,Perseus C,perseus2
dark_god_hel_costume_omen,Hel C,hel2
s3_fura_costume_herbalist,Fura C,fura2
s3_almur_costume_lord,Almur C,almur2
s3_nordri_costume_explorer,Nordri C,nordri2
s3_ei_dunn_costume_shield,Ei-Dunn C,ei-dunn2
s2_junglehunter_costume_party,Tarlak C,tarlak2
s2_mercenary_woman_costume_dancer,Misandra C,misandra2
blackguard_commander_costume_feather,Tiburtus C2,tiburtus3
undead_female_warrior_costume_rococo,Sabina C2,sabina3
forest_mage_costume_party,Melendor C2,melendor3
s3_loki_male_costume_shapeshifter,Lord Loki C,lord_loki2
blackguard_knight_costume_healer,Rigard C2,rigard3
dwarven_guard_costume_tavern,Boril C2,boril3
orc_gladiator_costume_sage,Boldtusk C2,boldtusk3
forest_woodsman_warrior_costume_highlander,Little John C2,little_john3
royal_female_knight_costume_prospector,Sonya C2,sonya3
goblin_mage_costume_toad,Skittleskull C2,skittleskull3
nordic_ancestral_warrior_costume_messenger,Grimm C2,grimm3
nomad_axe_adventurer_costume_tracker,Colen C2,colen3
orc_troopmaster_costume_gourmet,Gormek C2,gormek3
lionman_barbarian_costume_babysitter,Azlar C2,azlar3
nomad_female_captain_costume_thief,Marjana C2,marjana3
elven_archer_costume_raven,Lianna C2,lianna3
forest_female_elf_costume_fairy,Kadilen C2,kadilen3
nomad_female_lord_costume_wicked,Elena C2,elena3
nordic_male_lord_costume_injustice,Richard C2,richard3
cultist_sorceress_costume_snake,Sartana C2,sartana3
royal_knight_commander_costume_gryphon,Thorne C2,thorne3
dark_god_aeron_costume_periwig,Aeron C,aeron2
ice_god_october_costume_farmer,Aegir C,aegir2
fire_god_ares_costume_keymaster,Ares C,ares2
fire_god_zimkitha_costume_adventurer,Zimkitha C,zimkitha2
s2_skyllaros_costume_reef,Atomos C,atomos2
s2_hammerhead_hulk_costume_emerald,Mok-Arr C,mok-arr2
s2_noble_lady_costume_warrior,Mitsuko C,mitsuko2
s2_tanuki_raccoon_costume_merchant,Danzaburo C,danzaburo2
s2_chameleon_mage_costume_alchemist,Agwe C,agwe2
s2_triton_costume_champion,Triton C,triton2
s2_chameleon_chief_costume_heavyweight,Gobbler C,gobbler2
s2_proteus_costume_farseer,Proteus C,proteus2
s2_fiji_mermaid_costume_hunter,Gill-Ra C,gill-ra2
s2_demon_master_costume_steppe,Sumitomo C,sumitomo2
fire_god_natalya_costume_seamstress,Natalya C,natalya2
holy_god_delilah_costume_guardian,Delilah C,delilah2
forest_god_zeline_costume_avian,Zeline C,zeline2
holy_god_musashi_costume_prisoner,Musashi C,musashi2
forest_god_evelyn_costume_huntress,Evelyn C,evelyn2
witch_king_costume_cosmic,Thoth-Amun C,thoth-amun2
dark_god_september_costume_engineer,Khiona C,khiona2
forest_god_gregorion_costume_alchemist,Gregorion C,gregorion2
s4_professor_lidenbrock_costume_jeweler,Prof. Lidenbrock C,prof._lidenbrock2
s4_elizabeth_costume_bride,Elizabeth C,elizabeth2
s4_phileas_fogg_costume_engineer,Phileas Fogg C,phileas_fogg2
s4_doctor_moreau_costume_scribe,Dr. Moreau C,dr._moreau2
s4_lepiota_costume_undying,Lepiota C,lepiota2
s4_garjammal_costume_kite,Garjammal C,garjammal2
s3_alfrike_costume_hatter,Alfrike C,alfrike2
s3_bera_costume_conjurer,Bera C,bera2
kalevala_kullervo_costume_battle_scarred,Kullervo C,kullervo2
kalevala_aino_costume_water_maiden,Aino C,aino2
kalevala_mielikki_costume_bear_protector,Mielikki C,mielikki2
s3_loki_female_costume_mother,Lady Loki C,lady_loki2
s4_morris_costume_potter,Morris C,morris2
s3_ratatoskr_costume_architect,Ratatoskr C,ratatoskr2
s3_norns_costume_puppeteers,Norns C,norns2
s3_loki_fish_costume_dapper,Salmon Loki C,salmon_loki2
s4_aouda_costume_lotus,Aouda C,aouda2
s4_morel_costume_sage,Morel C,morel2
s4_octros_costume_suitor,Octros C,octros2
s4_xnolphod_costume_jailer,Xnolphod C,xnolphod2
s4_passepartout_costume_artist,Passepartout C,passepartout2
s4_mack_costume_novelist,Mack C,mack2
s4_tettukh_costume_cheerleader,Tettukh C,tettukh2
s4_griffin_costume_priest,Griffin C,griffin2
s4_rokkamush_costume_mason,Rokkamush C,rokkamush2
s4_zila_lei_costume_dancer,Zila Lei C,zila_lei2
fables_puss_in_boots_costume_highwaycat,Puss in Boots C,puss_in_boots2
fables_hansel_costume_vampire_hunter,Hansel C,hansel2
s4_helo_costume_baker,Helo C,helo2
s4_poppy_costume_lodger,Poppy C,poppy2
s4_vollermork_costume_bartender,Vollermork C,vollermork2
wonderland_queen_costume_benefactor,Queen of Hearts C,queen_of_hearts2
wonderland_cheshire_cat_costume_malicious,Cheshire Cat C,cheshire_cat2
nordic_male_lord_costume_cute,Richard C3,richard4
pirate_lady_costume_queen,Lady Locke C,lady_locke2
pirate_cabin_boy_costume_paper,Peters C,peters2
lizardman_trapper_costume_fisher,Kashhrek C2,kashhrek3
oriental_falconer_costume_cub,Chao C2,chao3
oriental_panda_warrior_costume_dueller,Hu Tao C2,hu_tao3
oriental_monkey_captain_costume_reveller,Wu Kong C2,wu_kong3
pirate_dread_captain_costume_rotten,Sargasso C,sargasso2
s4_gramps_costume_gardener,Gramps C,gramps2
cultist_sorceress_costume_cute,Sartana C3,sartana4
nomad_female_lord_costume_cute,Elena C3,elena4
oriental_female_mystic_costume_cute,Vivica C3,vivica4
lionman_barbarian_costume_cute,Azlar C3,azlar4
magitech_sniper_costume_cute,Domitia C3,domitia4
forest_male_elf_costume_cute,Elkanen C3,elkanen4
forest_titan_costume_cute,Horghall C3,horghall4
nordic_ice_enchantress_costume_cute,Isarnia C3,isarnia4
oriental_enchanted_monk_costume_cute,Joon C3,joon4
exalted_female_statue_costume_cute,Justice C3,justice4
forest_female_elf_costume_cute,Kadilen C3,kadilen4
tribal_chief_costume_cute,Khagan C3,khagan4
oriental_warrior_king_costume_cute,Leonidas C3,leonidas4
elven_archer_costume_cute,Lianna C3,lianna4
s4_russula_costume_painter,Russula C,russula2
exalted_warrior_costume_cute,Magni C3,magni4
nomad_female_captain_costume_cute,Marjana C3,marjana4
underworld_champion_costume_cute,Obakan C3,obakan4
cultist_inventor_costume_cute,Quintus C3,quintus4
royal_knight_commander_costume_cute,Thorne C3,thorne4
s4_kravekrush_costume_grillmaster,Kravekrush C,kravekrush2
s4_lughaidh_costume_deathless,Lughaidh C,lughaidh2
s4_zenobia_costume_floral,Zenobia C,zenobia2
s4_captain_nemo_costume_machinist,Captain Nemo C,captain_nemo2
s4_congalach_costume_kelp,Congalach C,congalach2
s4_hannah_costume_drover,Hannah C,hannah2
s4_zekena_costume_vines,Zekena C,zekena2
s4_akkorog_costume_football,Akkorog C,akkorog2
s4_exeera_costume_hierophant,Exeera C,exeera2
s4_hulda_costume_nurse,Hulda C,hulda2
s4_xenda_costume_flame,Xenda C,xenda2
orc_gladiator_costume_cute,Boldtusk C3,boldtusk4
elven_captain_costume_cute,Caedmon C3,caedmon4
nordic_ancestral_warrior_costume_cute,Grimm C3,grimm4
forest_mage_costume_cute,Melendor C3,melendor4
forest_female_druid_costume_cute,Brienne C2,brienne3
oriental_panda_berserker_costume_cute,Gan Ju C2,gan_ju3
nordic_swordman_costume_cute,Valen C2,valen3
cultist_mage_costume_cute,Balthazar C2,balthazar3
nomad_mage_costume_cute,Jahangir C2,jahangir3
dwarwen_brewmaster_costume_cute,Kiril C3,kiril4
oriental_female_templar_costume_cute,Li Xiu C3,li_xiu4
oriental_female_mage_costume_cute,Kailani C2,kailani3
blackguard_female_captain_costume_cute,Prisca C2,prisca3
s5_ahmose_costume_reborn,Ahmose C,ahmose2
s5_anubis_costume_dancefloor,Anubis C,anubis2
s5_hathor_costume_starlit,Hathor C,hathor2
s5_hetepheres_costume_spa,Hetepheres C,hetepheres2
s5_horus_costume_golden,Horus C,horus2
s5_maat_costume_river,Ma'at C,ma'at2
nomad_axe_adventurer_costume_cute,Colen C3,colen4
undead_captain_warrior_costume_cute,Cyprian C3,cyprian4
goblin_mage_costume_cute,Skittleskull C3,skittleskull4
nomad_female_berserker_costume_cute,Kelile C3,kelile4
nomad_female_swordmaster_costume_cute,Azar C2,azar3
oriental_brawler_costume_cute,Bane C2,bane3
forest_female_spirit_costume_cute,Belith C2,belith3
nordic_chained_werewolf_costume_cute,Graymane C2,graymane3
easter_archie_costume_gallant,Archie C,archie2
easter_jasper_costume_fisherman,Jasper C,jasper2
wonderland_alice_costume_warping,Alice C,alice2
wonderland_hatter_costume_tea,The Hatter C,the_hatter2
orc_troopmaster_costume_cute,Gormek C3,gormek4
oriental_falconer_costume_cute,Chao C3,chao4
oriental_panda_warrior_costume_cute,Hu Tao C3,hu_tao4
lizardman_trapper_costume_cute,Kashhrek C3,kashhrek4
forest_woodsman_warrior_costume_cute,Little John C3,little_john4
blackguard_knight_costume_cute,Rigard C3,rigard4
forest_archer_costume_cute,Berden C2,berden3
goblin_fighter_costume_cute,Carver C2,carver3
forest_friar_costume_cute,Friar Tuck C2,friar_tuck3
nomad_female_shaman_costume_cute,Hawkmoon C2,hawkmoon3
dwarven_smasher_costume_cute,Karil C2,karil3
orc_warrior_costume_cute,Nashgar C2,nashgar3
royal_female_knight_costume_cute,Sonya C3,sonya4
oriental_monkey_captain_costume_cute,Wu Kong C3,wu_kong4
lizardman_warrior_costume_cute,Isshtak C2,isshtak3
nordic_mage_costume_cute,Ulmer C2,ulmer3
nomad_female_assassin_costume_cute,Scarlett C3,scarlett4
blackguard_commander_costume_cute,Tiburtus C3,tiburtus4
dwarven_guard_costume_cute,Boril C3,boril4
undead_female_warrior_costume_cute,Sabina C3,sabina4
oriental_female_guard_costume_cute,Dawa C2,dawa3
undead_horned_skeleton_costume_cute,Oberon C2,oberon3
royal_knight_costume_cute,Gunnar C3,gunnar4
blackguard_skulker_costume_cute,Renfeld C2,renfeld3
undead_running_skeleton_costume_cute,Tyrum C2,tyrum3
s5_cleopatra_costume_feline,Cleopatra C,cleopatra2
s5_tetisheri_costume_molten,Tetisheri C,tetisheri2
s5_meresankh_costume_disco,Meresankh C,meresankh2
s5_sobek_costume_guardian,Sobek C,sobek2
s5_bastet_costume_forest,Bastet C,bastet2
s5_azmia_costume_dancing,Azmia C,azmia2
s5_ahhotep_costume_champion,Ahhotep C,ahhotep2
s5_aqeela_costume_sorcerer,Aqeela C,aqeela2
s5_eset_costume_goldensun,Eset C,eset2
s5_el_naddaha_costume_sea,El Naddaha C,el_naddaha2
s5_sneferu_costume_vanquisher,Sneferu C,sneferu2
s5_set_costume_tyrant,Set C,set2
s5_khonshu_costume_knight,Khonshu C,khonshu2
s5_papyros_costume_colossus,Papyros C,papyros2
s5_khafre_costume_aquatic,Khufu C,khufu2
s5_khepri_costume_overlord,Khepri C,khepri2
s5_junaid_costume_champion,Junaid C,junaid2
s5_ptolemy_costume_log,Ptolemy C,ptolemy2
s5_rekhetre_costume_artist,Rekhetre C,rekhetre2
s5_waqas_costume_blade,Waqas C,waqas2
s5_faiez_costume_miner,Faiez C,faiez2
s5_jarif_costume_curator,Jarif C,jarif2
s5_sekhmet_costume_warden,Sekhmet C,sekhmet2
s5_bennu_costume_heron,Bennu C,bennu2
s5_scoratek_costume_sentinel,Scoratek C,scoratek2
kingdom_diaochan_costume_flowers,Diaochan C,diaochan2
kingdom_zhuge_liang_costume_crane,Zhuge Liang C,zhuge_liang2
kingdom_zhang_fei_costume_bear_slayer,Zhang Fei C,zhang_fei2
kingdom_sun_quan_costume_fire_bat,Sun Quan C,sun_quan2
kingdom_lu_bu_costume_tiger_lord,Lu Bu C,lu_bu2
kingdom_zhou_yu_costume_white_raven,Zhou Yu C,zhou_yu2
kingdom_wang_yuanji_costume_artisan,Wang Yuanji C,wang_yuanji2
gargoyle_arco_costume_brewer,Arco C,arco2
musketeer_dartagnan,D´Artagnan,d´artagnan
musketeer_aramis,Aramis,aramis
musketeer_rochefort,Rochefort,rochefort
monster_hunter_otis,Otis,otis
monster_hunter_goretooth,Goretooth,goretooth
monster_hunter_dabria,Dabria,dabria
monster_hunter_sorrow,Sorrow,sorrow
monster_hunter_staintongue,Staintongue,staintongue
monster_hunter_bogart,Bogart,bogart
monster_hunter_numbskull,Numbskull,numbskull
monster_hunter_basil,Basil,basil
monster_hunter_greel,Greel,greel
musketeer_athos,Athos,athos
christmas_augustus,Augustus,augustus
christmas_tinsel,Tinsel,tinsel
christmas_peppermint,Peppermint,peppermint
christmas_holly,Holly,holly
christmas_buster,Buster,buster
musketeer_cardinal_richelieu,Cardinal Richelieu,cardinal_richelieu
musketeer_villiers,Villiers,villiers
musketeer_milady_de_winter,Milady de Winter,milady_de_winter
musketeer_planchet,Planchet,planchet
journey_erlang_shen,Erlang Shen,erlang_shen
fire_god_roughian_and_nurgib,Roughian & Nurgib,roughian_&_nurgib
s4_xenda,Xenda,xenda
musketeer_porthos,Porthos,porthos
musketeer_queen_anne,Queen Anne,queen_anne
musketeer_kitty,Kitty,kitty
musketeer_felton,Felton,felton
musketeer_constance,Constance,constance
lunar_new_year_laohu,Laohu,laohu
lunar_new_year_xiaotu,Xiaotu,xiaotu
nature_god_viselus,Viselus,viselus
guardian_hippo,Guardian Hippo,guardian_hippo
valentines_cupido,Cupido,cupido
valentines_himeros,Himeros,himeros
valentines_eros,Eros,eros
valentines_anteros,Anteros,anteros
valentines_phthonus,Phthonus,phthonus
valentines_elba,Elba,elba
valentines_kabeiroi,Kabeiroi,kabeiroi
valentines_matchmaker_dodgrom,Dodgrom,dodgrom
valentines_voluptas,Voluptas,voluptas
valentines_zarola,Zarola,zarola
journey_xiong_shanjun,Xiong Shanjun,xiong_shanjun
journey_nineheaded_beast,Nine-Headed Beast,nine-headed_beast
journey_heifeng_guai,Heifeng Guai,heifeng_guai
journey_general_yin,General Yin,general_yin
monster_hunter_mistweaver,Mistweaver,mistweaver
monster_hunter_bonecrusher,Bonecrusher,bonecrusher
journey_queen_guowang,Queen Guowang,queen_guowang
holy_god_gilligan,Gilligan,gilligan
journey_sun_wukong,Sun Wukong,sun_wukong
s5_meresankh,Meresankh,meresankh
monster_hunter_hurricane,Hurricane,hurricane
monster_hunter_knuckles,Knuckles,knuckles
monster_hunter_thunderclap,Thunderclap,thunderclap
monster_hunter_cedar,Cedar,cedar
monster_hunter_tremor,Tremor,tremor
easter_jasper,Jasper,jasper
easter_archie,Archie,archie
dark_god_turgruk,Turgruk,turgruk
knights_green_knight,Green Knight,green_knight
ice_god_suzuna,Suzuna,suzuna
magic_becky,Becky,becky
magic_willow,Willow,willow
magic_ray,Ray,ray
magic_camilla,Camilla,camilla
magic_ulius,Ulius,ulius
magic_telonius,Telonius,telonius
magic_vaishali,Vaishali,vaishali
magic_jett,Jett,jett
magic_lucy,Lucy,lucy
magic_roxia,Roxia,roxia
masquerade_februus,Februus,februus
masquerade_carmenta,Carmenta,carmenta
masquerade_jana,Jana,jana
masquerade_aradia,Aradia,aradia
masquerade_umbria,Umbria,umbria
masquerade_cel,Cel,cel
masquerade_alessia,Alessia,alessia
masquerade_fosco,Fosco,fosco
s5_sneferu,Sneferu,sneferu
fire_god_skargremar,Skargremar,skargremar
tales1_galapago,Galapago,galapago
tales1_lasalle,Lasalle,lasalle
tales1_ephyra,Ephyra,ephyra
tales1_phorcys,Phorcys,phorcys
tales1_phorcys_costume_warrior_god,Phorcys C,phorcys2
tales1_thalassa,Thalassa,thalassa
tales1_ceto,Ceto,ceto
tales1_sharkhai,Shar'Khai,shar'khai
tales1_mulgog,Mulgog,mulgog
tales1_bagreg,Bagreg,bagreg
nature_god_cinisia,Cinisia,cinisia
journey_change,Chang'e,chang'e
beachparty_dolrak,Dolrak,dolrak
beachparty_itham,Itham,itham
beachparty_misty,Misty,misty
beachparty_flip,Flip,flip
beachparty_davey_wavey,Davey Wavey,davey_wavey
beachparty_zenukwa,Zenuk'wa,zenuk'wa
beachparty_mazoga,Mazoga,mazoga
beachparty_serena,Serena,serena
beachparty_andy_jay,Andy Jay,andy_jay
beachparty_brebarg,Brebarg,brebarg
beachparty_dillo,Dillo,dillo
beachparty_mortimer,Mortimer,mortimer
construct_ferrus,Ferrus,ferrus
construct_haulstone,Haulstone,haulstone
ballerina_odette,Odette,odette
ballerina_phantom_of_the_opera,Phantom of the Opera,phantom_of_the_opera
ballerina_firmin,Firmin Richard,firmin_richard
ballerina_madame_giry,Madame Giry,madame_giry
ballerina_christine_daae,Christine Daae,christine_daae
ballerina_raul,Raul,raul
ballerina_prince_siegfried,Prince Siegfried,prince_siegfried
ballerina_von_rothbart,Von Rothbart,von_rothbart
ballerina_swan_maiden,Swan Maiden,swan_maiden
ballerina_odile,Odile,odile
ballerina_meg_giry,Meg Giry,meg_giry
ballerina_daroga,Daroga,daroga
ballerina_charlotta,Charlotta,charlotta
ballerina_armand,Armand Moncharmin,armand_moncharmin
ballerina_benno,Benno,benno
ballerina_uberta,Uberta,uberta
construct_blue_mage,Ghealach,ghealach
journey_sha_wujing,Sha Wujing,sha_wujing
journey_xiwangmu,Xiwangmu,xiwangmu
construct_japanese_doll,Blossom,blossom
construct_brimstone,Brimstone,brimstone
construct_bonechill,Bonechill,bonechill
kalevala_ukkonen,Ukkonen,ukkonen
elemental_xavier,Xavier,xavier
elemental_zione,Zione,zione
elemental_zuni,Zuni,zuni
holy_god_ithar,Ithar,ithar
ice_god_areax,Areax,areax
dark_god_uthragan,Uthragan,uthragan
construct_shacklebolt,Shacklebolt,shacklebolt
construct_rustbeak,Rustbeak,rustbeak
tales1_ultrox,Ultrox,ultrox
tales1_gelert,Gelert,gelert
tales1_jaco,Jaco,jaco
construct_nocturne,Scath,scath
elemental_alfie,Alfie,alfie
elemental_quinn,Quinn,quinn
elemental_linus,Linus,linus
construct_shaal,Shaal,shaal
fables_frog_prince,Frog Prince,frog_prince
construct_frond,Frond,frond
construct_nautica,Nautica,nautica
construct_hornfel,Hornfel,hornfel
construct_tenebrae,Tenebrae,tenebrae
goblin_madhammer,Madhammer,madhammer
goblin_deadboot,Deadboot,deadboot
goblin_darkfeather,Darkfeather,darkfeather
goblin_kettle,Kettle,kettle
goblin_smarttongue,Smarttongue,smarttongue
goblin_boom_and_fang,Boom & Fang,boom_&_fang
goblin_goldie,Goldie,goldie
goblin_boots,Boots,boots
tales1_gestalt,Gestalt,gestalt
tales1_persa,Persa,persa
tales1_persa_costume_jellyfish_noble,Persa C,persa2
kalevala_ukkonen_costume_ukkonen_infernal,Ukkonen C,ukkonen2
kalevala_vainamoinen_costume_vainamoinen_sage,Väinämöinen C,väinämöinen2
gargoyle_penolite_costume_sacred,Peñolite C,peñolite2
gargoyle_kemeny_costume_hardened,Kemény C,kemény2
tales1_gestalt_costume_pearls,Gestalt C,gestalt2
tales1_galapago_costume_quarry,Galapago C,galapago2
tales1_thalassa_costume_crystals,Thalassa C,thalassa2
tales1_lasalle_costume_jockey,Lasalle C,lasalle2
kingdom_cao_cao_costume_ice,Cao Cao C,cao_cao2
kingdom_guan_yu_costume_dragon,Guan Yu C,guan_yu2
kingdom_liu_bei_costume_nature,Liu Bei C,liu_bei2
tales1_medea_costume_goddess,Medea C,medea2
tales1_atlanteia_costume_siren,Atlanteia C,atlanteia2
tales1_domiventus_costume_supreme,Domiventus C,domiventus2
tales1_spartoi_costume_guard,Spartoi C,spartoi2
tales1_sharkhai_costume_butcher,Shar'Khai C,shar'khai2
tales1_mulgog_costume_bard,Mulgog C,mulgog2
tales1_jaco_costume_alchemist,Jaco C,jaco2
tales1_bagreg_costume_scout,Bagreg C,bagreg2
halloween_alucard_costume_mafia,Alucard C,alucard2
castle_wolf_quenell_costume_wood,Quenell C,quenell2
castle_raven_rayne_costume_energy,Rayne C,rayne2
castle_wolf_wolfgang_costume_treasure,Wolfgang C,wolfgang2
castle_raven_quintin_costume_ice,Quintin C,quintin2
castle_wolf_ferant_costume_fire,Ferant C,ferant2
circus_emilio_costume_frog,Emilio C,emilio2
circus_director_zuri_costume_clown,Director Zuri C,director_zuri2
circus_eiora_and_fluffy_costume_dark,Eiora & Fluffy C,eiora_&_fluffy2
villain_toxicandra_costume_rose,Toxicandra C,toxicandra2
villain_karnov_costume_jammies,Karnov C,karnov2
villain_dark_lord_costume_astronomer,Dark Lord C,dark_lord2
slayer_senan_costume_tentacles,Senan C,senan2
slayer_saoirse_costume_knight,Saoirse C,saoirse2
slayer_caitlin_costume_crusader,Caitlín C,caitlín2
christmas_mr_pengi_costume_snowboarder,Mr. Pengi C,mr._pengi2
lionman_barbarian_costume_glass,Azlar C4,azlar5
nordic_male_lord_costume_glass,Richard C4,richard5
oriental_female_mystic_costume_glass,Vivica C4,vivica5
cultist_sorceress_costume_glass,Sartana C4,sartana5
nordic_ancestral_warrior_costume_glass,Grimm C4,grimm5
orc_gladiator_costume_glass,Boldtusk C4,boldtusk5
oriental_panda_berserker_costume_glass,Gan Ju C3,gan_ju4
nomad_mage_costume_glass,Jahangir C3,jahangir4
forest_male_elf_costume_glass,Elkanen C4,elkanen5
underworld_champion_costume_glass,Obakan C4,obakan5
oriental_warrior_king_costume_glass,Leonidas C4,leonidas5
nomad_female_captain_costume_glass,Marjana C4,marjana5
exalted_warrior_costume_glass,Magni C4,magni5
oriental_enchanted_monk_costume_glass,Joon C4,joon5
elven_archer_costume_glass,Lianna C4,lianna5
magitech_sniper_costume_glass,Domitia C4,domitia5
tribal_chief_costume_glass,Khagan C4,khagan5
nordic_ice_enchantress_costume_glass,Isarnia C4,isarnia5
nomad_female_lord_costume_glass,Elena C4,elena5
exalted_female_statue_costume_glass,Justice C4,justice5
forest_titan_costume_glass,Horghall C4,horghall5
cultist_inventor_costume_glass,Quintus C4,quintus5
royal_knight_commander_costume_glass,Thorne C4,thorne5
forest_female_elf_costume_glass,Kadilen C4,kadilen5
elven_captain_costume_glass,Caedmon C4,caedmon5
oriental_female_templar_costume_glass,Li Xiu C4,li_xiu5
forest_mage_costume_glass,Melendor C4,melendor5
dwarwen_brewmaster_costume_glass,Kiril C4,kiril5
nomad_axe_adventurer_costume_glass,Colen C4,colen5
goblin_mage_costume_glass,Skittleskull C4,skittleskull5
undead_captain_warrior_costume_glass,Cyprian C4,cyprian5
nomad_female_berserker_costume_glass,Kelile C4,kelile5
orc_troopmaster_costume_glass,Gormek C4,gormek5
forest_woodsman_warrior_costume_glass,Little John C4,little_john5
oriental_panda_warrior_costume_glass,Hu Tao C4,hu_tao5
lizardman_trapper_costume_glass,Kashhrek C4,kashhrek5
blackguard_knight_costume_glass,Rigard C4,rigard5
oriental_falconer_costume_glass,Chao C4,chao5
royal_female_knight_costume_glass,Sonya C4,sonya5
oriental_monkey_captain_costume_glass,Wu Kong C4,wu_kong5
nomad_female_assassin_costume_glass,Scarlett C4,scarlett5
blackguard_commander_costume_glass,Tiburtus C4,tiburtus5
dwarven_guard_costume_glass,Boril C4,boril5
undead_female_warrior_costume_glass,Sabina C4,sabina5
nordic_swordman_costume_glass,Valen C3,valen4
forest_female_druid_costume_glass,Brienne C3,brienne4
cultist_mage_costume_glass,Balthazar C3,balthazar4
oriental_female_mage_costume_glass,Kailani C3,kailani4
blackguard_female_captain_costume_glass,Prisca C3,prisca4
nomad_female_swordmaster_costume_glass,Azar C3,azar4
forest_female_spirit_costume_glass,Belith C3,belith4
oriental_brawler_costume_glass,Bane C3,bane4
forest_archer_costume_glass,Berden C3,berden4
nordic_chained_werewolf_costume_glass,Graymane C3,graymane4
forest_friar_costume_glass,Friar Tuck C3,friar_tuck4
undead_running_skeleton_costume_glass,Tyrum C3,tyrum4
nomad_female_shaman_costume_glass,Hawkmoon C3,hawkmoon4
goblin_fighter_costume_glass,Carver C3,carver4
orc_warrior_costume_glass,Nashgar C3,nashgar4
dwarven_smasher_costume_glass,Karil C3,karil4
lizardman_warrior_costume_glass,Isshtak C3,isshtak4
undead_horned_skeleton_costume_glass,Oberon C3,oberon4
nordic_mage_costume_glass,Ulmer C3,ulmer4
oriental_female_guard_costume_glass,Dawa C3,dawa4
blackguard_skulker_costume_glass,Renfeld C3,renfeld4
bard_belladonna_costume_ratcatcher,Belladonna C,belladonna2
bard_narcisa_costume_gothic,Narcisa C,narcisa2
bard_ogima_costume_bear_shaman,Ogima C,ogima2
bard_phenexa_costume_valiant_knight,Phenexa C,phenexa2
bard_rhys_costume_baroque,Rhys C,rhys2
tales1_ceto_costume_queen,Ceto C,ceto2
tales1_ephyra_costume_reef,Ephyra C,ephyra2
tales1_gelert_costume_scavenger,Gelert C,gelert2
tales1_ultrox_costume_ethereal,Ultrox C,ultrox2
tales1_aqualith_costume_purple,Aqualith C,aqualith2
magic_milena_costume_ice,Milena C,milena2
magic_agrafena_costume_dark,Agrafena C,agrafena2
magic_nadezhda_costume_postmaster,Nadezhda C,nadezhda2
elemental_ignazio_costume_medic,Ignazio C,ignazio2
elemental_jequn_costume_gilded,Jequn C,jequn2
elemental_roz_costume_disco,Roz C,roz2
elemental_zengar_costume_farmer,Zengar C,zengar2
elemental_griffex_costume_camera,Griffex C,griffex2
beachparty_flip_costume_donut,Flip C,flip2
magic_ray_costume_spiky,Ray C,ray2
magic_vaishali_costume_chef,Vaishali C,vaishali2
kalevala_louhi_costume_mistress,Louhi C,louhi2
kalevala_ilmarinen_costume_gold,Ilmarinen C,ilmarinen2
kalevala_lemminkainen_costume_swan,Lemminkäinen C,lemminkäinen2
kalevala_joukahainen_costume_frozen,Joukahainen C,joukahainen2
elemental_doxan_costume_hacker,Doxan C,doxan2
elemental_zandria_costume_planet,Zandria C,zandria2
elemental_xandrella_costume_idol,Xandrella C,xandrella2
elemental_anzia_costume_jailer,Anzia C,anzia2
elemental_aconia_costume_courier,Aconia C,aconia2
tales1_domiventus,Domiventus,domiventus
tales1_spartoi,Spartoi,spartoi
tales1_atlanteia,Atlanteia,atlanteia
tales1_medea,Medea,medea
tales1_aqualith,Aqualith,aqualith
wonderland_tweedles,Tweedles,tweedles
elemental_nova,Nova,nova
elemental_lexi,Lexi,lexi
elemental_zaria,Zaria,zaria
elemental_farrah,Farrah,farrah
castle_bear_torben,Torben,torben
castle_bear_teddy,Teddy,teddy
castle_stag_xiamara,Xiamara,xiamara
castle_stag_lysanor,Lysanor,lysanor
goblin_fizzcoil,Fizzcoil,fizzcoil
goblin_pepperflame,Pepperflame,pepperflame
goblin_leafwizzle,Leafwhisk,leafwhisk
goblin_acidfire,Acidfire,acidfire
goblin_grimsteel,Grimsteel,grimsteel
goblin_rocket,Rocket,rocket
goblin_scrollbeast,Scrollbeast,scrollbeast
castle_bear_humbert,Humbert,humbert
castle_bear_winnie,Winnie,winnie
castle_bear_armel,Armel,armel
castle_bear_koda,Koda,koda
castle_bear_yona,Yona,yona
castle_bear_bearnadette,Bearnadette,bearnadette
castle_stag_daemon,Daemon,daemon
castle_stag_cecilia,Cecilia,cecilia
castle_stag_siofra,Siofra,siofra
castle_stag_alvar,Alvar,alvar
castle_stag_raleigh,Raleigh,raleigh
castle_stag_fawn,Fawn,fawn
astral_starwalker,Starwalker,starwalker
astral_sparklight,Sparklight,sparklight
nature_god_leadria,Leadria,leadria
pirate_boatswain,Black Caesar,black_caesar
fire_god_neema,Neema,neema
elemental_ironmaw,Ironmaw,ironmaw
elemental_desmond,Desmond,desmond
christmas_ginger,Ginger,ginger
christmas_zappa,Zappa,zappa
christmas_cookie,Cookie,cookie
christmas_dizzy,Dizzy,dizzy
christmas_jolly,Jolly,jolly
shadow_salvatore,Salvatore,salvatore
shadow_hysteria,Hysteria,hysteria
shadow_burton,Burton,burton
shadow_omen,Omen,omen
shadow_abigail,Abigail,abigail
shadow_rashan,Rashan,rashan
shadow_gwendoline,Gwendoline,gwendoline
shadow_wulfstan,Wulfstan,wulfstan
shadow_atwood,Atwood,atwood
shadow_zavinia,Zavinia,zavinia
shadow_penelope,Penelope,penelope
shadow_melancholia,Melancholia,melancholia
shadow_asketel,Asketel,asketel
shadow_hunter,Hunter,hunter
shadow_dolores,Dolores,dolores
shadow_rosanna,Rosanna,rosanna
shadow_shoggo,Shoggo,shoggo
shadow_cthuwu,Cthuwu,cthuwu
elemental_jolt,Jolt,jolt
journey_xie_zi_jing,Xie Zi Jing,xie_zi_jing
journey_tang_sanzang,Tang Sanzang,tang_sanzang
owl_relius,Relius,relius
owl_timius,Timius,timius
owl_ommodus,Ommodus,ommodus
owl_livia,Livia,livia
owl_verus,Verus,verus
owl_lodius,Lodius,lodius
owl_mariol,Mariol,mariol
owl_juliani,Juliani,juliani
owl_pertinax,Pertinax,pertinax
owl_cennius,Cennius,cennius
owl_eron,Eron,eron
owl_olbec,Olbec,olbec
owl_paeia,Paeia,paeia
owl_featherino,Featherino,featherino
holy_god_zora,Zora,zora
ice_god_callum,Gladius,gladius
champions_satori,Satori,satori
owl_fulvia,Fulvia,fulvia
elemental_niki,Niki,niki
elemental_gastille,Gastille,gastille
champions_norman,Norman,norman
dark_god_anoushka,Anoushka,anoushka
champions_nogu,Nogu,nogu
champions_ramona,Ramona,ramona
lunar_new_year_gongniu,Gongniu,gongniu
lunar_new_year_qinglong,Qinglong,qinglong
gargoyle_garten,Garten,garten
gargoyle_pophit,Pophit,pophit
knights_gawain,Gawain,gawain
knights_mordred,Mordred,mordred
wonderland_duchess,Duchess,duchess
wonderland_king_of_hearts,King of Hearts,king_of_hearts
wonderland_knave_of_hearts,Knave of Hearts,knave_of_hearts
guardian_zebra,Guardian Zebra,guardian_zebra
guardian_elephant,Guardian Elephant,guardian_elephant
fables_cinderella,Cinderella,cinderella
fables_rapunzel,Rapunzel,rapunzel
pirate_bonny,Bonny,bonny
champions_lazara,Lazara,lazara
astral_melodymuse,Melodymuse,melodymuse
astral_hammerclang,Hammerclang,hammerclang
astral_moonbell,Moonbell,moonbell
astral_demilune,Demilune,demilune
astral_mooncure,Mooncure,mooncure
astral_moonflower,Moonflower,moonflower
astral_dreadstar,Dreadstar,dreadstar
astral_starlass,Starlass,starlass
astral_lemonwood,Lemonwood,lemonwood
astral_voidstar,Voidstar,voidstar
astral_lionstring,Lionstring,lionstring
astral_starswift,Starswift,starswift
fire_god_zarga,Zarga,zarga
easter_timothy,Timothy,timothy
easter_miss_ethel,Miss Ethel,miss_ethel
elemental_grilka,Grilka,grilka
elemental_craum,Craum,craum
elemental_nylora,Nylora,nylora
elemental_ash,Ash,ash
elemental_vander,Vander,vander
garrison_theodosius,Theodosius,theodosius
garrison_iocantha,Iocantha,iocantha
garrison_frank_fangs_brimwell,Frank 'Fangs' Brimwell,frank_'fangs'_brimwell
garrison_vanya,Vanya,vanya
garrison_shimmerscale,Shimmerscale,shimmerscale
garrison_greg,Greg,greg
garrison_william,William,william
gargoyle_uwe,Uwe,uwe
gargoyle_vonreine,Vonreine,vonreine
gargoyle_vincent,Vincent,vincent
gargoyle_mena,Mena,mena
gargoyle_betty,Betty,betty
gargoyle_guffa,Guffa,guffa
gargoyle_hilda,Hilda,hilda
gargoyle_grumbl,Grumbl,grumbl
construct_rhineglow,Rhineglow,rhineglow
construct_carta,Carta,carta
garrison_caelen,Caelen,caelen
nature_god_bo_and_runt,Bo & Runt,bo_&_runt
garrison_violet_potts,Violet Potts,violet_potts
construct_scoria,Scoria,scoria
construct_skarn,Skarn,skarn
construct_gwynn,Gwynn,gwynn
champions_mistra,Mistra,mistra
rider_hero_blue,Trainer Hero,trainer_hero
rider_hero_red,Trainer Hero,trainer_hero
rider_hero_green,Trainer Hero,trainer_hero
rider_hero_purple,Trainer Hero,trainer_hero
rider_hero_yellow,Trainer Hero,trainer_hero
monster_hunter_thura,Thura,thura
monster_hunter_dubhain,Dubhán,dubhán
astral_cosmicspeaker,Cosmicspeaker,cosmicspeaker
holy_god_aviana,Aviana,aviana
ice_god_sini,Sini,sini
dark_god_sir_casmir,Sir Casmir,sir_casmir
slime_gunktus,Gunktus,gunktus
slime_fungustine,Fungustine,fungustine
kalevala_otso,Otso,otso
monster_hunter_ruadh,Ruadh,ruadh
monster_hunter_sigyn,Sigyn,sigyn
monster_hunter_sune,Sune,sune
slime_sludgus,Sludgus,sludgus
slime_slimgo,Slimgo,slimgo
slime_gooze,Gooze,gooze
slime_gooldron,Gooldron,gooldron
slime_charmione,Charmione,charmione
slime_knightus,Knightus,knightus
slime_mucktus,Mucktus,mucktus
slime_gooric,Gooric,gooric
faun_verity,Verity,verity
tales2_regin,Regin,regin
tales2_dularfulr,Dularfulr,dularfulr
tales2_gandr,Gandr,gandr
tales2_ott,Ott,ott
tales2_aethslegaur,Aethslegaur,aethslegaur
tales2_dagr,Dagr,dagr
tales2_hreidmarr,Hreidmarr,hreidmarr
tales2_andvari,Andvari,andvari
tales2_fjalar,Fjalar,fjalar
tales2_helgi,Helgi,helgi
tales2_fafnir,Fafnir,fafnir
tales2_hogne,Högne,högne
tales2_thrivaldi,Thrívaldi,thrívaldi
tales2_fimafeng,Fimafeng,fimafeng
tales2_bragi,Bragi,bragi
tales2_svafa,Sváfa,sváfa
tales2_motsognir,Mótsognir,mótsognir
tales2_snorri,Snorri,snorri
tales2_dain,Dain,dain
tales2_bryggvir,Bryggvir,bryggvir
faun_saskia,Saskia,saskia
faun_gideon,Gideon,gideon
faun_peregrine,Peregrine,peregrine
faun_tamlin,Tamlin,tamlin
fox_whitefang,Whitefang,whitefang
fox_rust,Rust,rust
fox_shadowfang,Shadowfang,shadowfang
fox_swiftpaw,Swiftpaw,swiftpaw
ninja_nomad,Nomad,nomad
ninja_tora,Tora,tora
ninja_iga,Iga,iga
ninja_chikao,Chikao,chikao
monster_hunter_revna,Revna,revna
monster_hunter_njal,Njal,njal
garrison_dima,Dima,dima
garrison_pip,Pip,pip
ninja_umeko,Umeko,umeko
ninja_aurum,Aurum,aurum
nature_god_chloris,Chloris,chloris
ninja_satsui,Satsui,satsui
ninja_sawano,Sawano,sawano
ninja_ito,Ito,ito
ninja_malum,Malum,malum
ninja_osamu,Osamu,osamu
fox_ashen,Ashen,ashen
fox_spiff,Spiff,spiff
fox_sable,Sable,sable
fox_silverpaw,Silverpaw,silverpaw
faun_ysabel,Ysabel,ysabel
faun_araminta,Araminta,araminta
halloween_wayne,Wayne,wayne
halloween_chester,Chester,chester
ice_god_mene,Mene,mene
ice_god_claeg,Claeg,claeg
holy_god_may,May,may
fire_god_maple,Maple,maple
garrison_rosalind,Rosalind,rosalind
garrison_fergus,Fergus,fergus
beowulf_hrothgar,Hrothgar,hrothgar
beowulf_wealhtheow,Wealhtheow,wealhtheow
monster_hunter_berit,Berit,berit
monster_hunter_amund,Amund,amund
monster_hunter_sorcha,Sorcha,sorcha
garrison_kolya,Kolya,kolya
bard_balafon,Salimata,salimata
bard_astrid,Astrid,astrid
bard_bonzo,Bonzo,bonzo
bard_bhaltair,Bhaltair,bhaltair
christmas_albin,Albin,albin
christmas_ottilia,Ottilia,ottilia
holy_god_faeona,Faeona,faeona
dark_god_zed,Zed,zed
faun_bramble,Bramble,bramble
faun_isidore,Isidore,isidore
faun_ascian,Ascian,ascian
faun_myrtle,Myrtle,myrtle
moth_tealmoine,Tealmoine,tealmoine
moth_satinpimenter,Satinpimenter,satinpimenter
moth_mortewitch,Mortewitch,mortewitch
moth_grovevert,Grovevert,grovevert
moth_pepperbleu,Pepperbleu,pepperbleu
garrison_maisie,Maisie,maisie
garrison_archibald,Archibald,archibald
garrison_frostsnout,Frostsnout,frostsnout
astral_dwarf_salniss,Salniss,salniss
astral_dwarf_maegwyn,Maegwyn,maegwyn
astral_dwarf_pluth,Pluth,pluth
astral_dwarf_quari,Quari,quari
astral_dwarf_vard,Vard,vard
moth_shyombre,Shyombre,shyombre
moth_joyvert,Joyvert,joyvert
moth_rosepetite,Rosepetite,rosepetite
nature_god_mystia,Mystia,mystia
lunar_new_year_xiaoqing,Xiaoqing,xiaoqing
lunar_new_year_baishu,Baishu,baishu
moth_chunkyroi,Chunkyroi,chunkyroi
moth_limeboire,Limeboire,limeboire
faun_jolyon,Jolyon,jolyon
faun_philomena,Philomena,philomena
faun_yolanda,Yolanda,yolanda
faun_maud,Maud,maud
garrison_beatrice,Beatrice,beatrice
garrison_flamehide,Flamehide,flamehide
garrison_iarlaith,Iarlaith,iarlaith
garrison_ciara,Ciara,ciara
garrison_godfrey,Godfrey,godfrey
beowulf_beowulf,Beowulf,beowulf
beowulf_ecgtheow,Ecgtheow,ecgtheow
beowulf_modthryth,Modthryth,modthryth
beowulf_aeschere,Aeschere,aeschere
beowulf_unferth,Unferth,unferth
beowulf_grendel,Grendel,grendel
beowulf_grendels_mother,Grendel's Mother,grendel's_mother
beowulf_nithgaest,Nithgaest,nithgaest
beowulf_breca,Breca,breca
beowulf_freawaru,Freawaru,freawaru
beowulf_hygd,Hygd,hygd
beowulf_wiglaf,Wiglaf,wiglaf
beowulf_weland,Weland,weland
fire_god_eliane,Eliane,eliane
bard_darkbeat,Darkbeat,darkbeat
bard_merith,Merith,merith
bard_dunnar_hart,Dunnar Hart,dunnar_hart
bard_lyria,Lyria,lyria
wild_cat_leonie,Leonie,leonie
wild_cat_rajesh,Rajesh,rajesh
wild_cat_imagus,Imagus,imagus
wild_cat_lennart,Lennart,lennart
wild_cat_stravia,Stravia,stravia
wild_cat_ferni,Ferni,ferni
wild_cat_tunes,Tunes,tunes
easter_viscount_cluckwood,Viscount Cluckwood,viscount_cluckwood
easter_sadie,Sadie,sadie
fox_ember,Ember,ember
fox_foxley,Foxley,foxley
slime_magistine,Magistine,magistine
slime_goorian,Goorian,goorian
astral_dwarf_haumri,Haumri,haumri
astral_dwarf_ixinn,Ixinn,ixinn
astral_dwarf_gongoth,Gongoth,gongoth
astral_dwarf_ceris,Ceris,ceris
astral_dwarf_orcur,Orcur,orcur
astral_dwarf_errin,Errin,errin
astral_dwarf_chires,Chires,chires
mimic_training_hero_red,Experience Mimic <Fire>,experience_mimic_fire
mimic_training_hero_blue,Experience Mimic <Ice>,experience_mimic_ice
mimic_training_hero_green,Experience Mimic <Nature>,experience_mimic_nature
mimic_training_hero_yellow,Experience Mimic <Holy>,experience_mimic_holy
mimic_training_hero_purple,Experience Mimic <Dark>,experience_mimic_dark
outlaw_song_jiang,Song Jiang,song_jiang
outlaw_chao_gai,Chao Gai,chao_gai
outlaw_lu_zhishen,Lu Zhishen,lu_zhishen
outlaw_li_kui,Li Kui,li_kui
outlaw_lin_chong,Lin Chong,lin_chong
outlaw_ruan_xiaoqi,Ruan Xiaoqi,ruan_xiaoqi
outlaw_gu_dasao,Gu Dasao,gu_dasao
outlaw_liu_tang,Liu Tang,liu_tang
outlaw_wu_song,Wu Song,wu_song
outlaw_wu_yong,Wu Yong,wu_yong
outlaw_sun_erniang,Sun Erniang,sun_erniang
outlaw_hu_sanniang,Hu Sanniang,hu_sanniang
outlaw_shi_jin,Shi Jin,shi_jin
outlaw_zheng_tianshou,Zheng Tianshou,zheng_tianshou
outlaw_xiang_chong,Xiang Chong,xiang_chong
magic_carpet_zazha,Zazha,zazha
magic_carpet_agadh,Agadh,agadh
dark_god_akilius,Akilius,akilius
nature_god_florenna,Florenna,florenna
magic_carpet_elyssa,Elyssa,elyssa
magic_carpet_lilli,Lilli,lilli
magic_carpet_naeem,Naeem,naeem
magic_carpet_lando,Lando,lando
magic_carpet_manpip,Manpip,manpip
magic_carpet_bertha,Bertha,bertha
guestip1_hero1,John Cena,john_cena
guestip1_hero2,CM Punk,cm_punk
guestip1_hero3,Shawn Michaels,shawn_michaels
guestip1_hero4,Triple H,triple_h
guestip1_hero5,Bianca Belair,bianca_belair
guestip1_hero6,Roman Reigns,roman_reigns
guestip1_hero7,Cody Rhodes,cody_rhodes
guestip1_hero8,Rhea Ripley,rhea_ripley
guestip1_hero9,"Seth ""Freakin"" Rollins","seth_""freakin""_rollins"
guestip1_hero10,Charlotte Flair,charlotte_flair
ice_god_nerasis,Nerasis,nerasis
moth_auricarc,Auricarc,auricarc
holy_god_aurox,Aurox,aurox
slime_fruitio,Fruitio,fruitio
slime_choozen,Choozen,choozen
slime_harubo,Harubo,harubo
astral_dwarf_hygil,Hygil,hygil
astral_dwarf_sedille,Sedille,sedille
astral_dwarf_lemniss,Lemniss,lemniss
moth_lilareine,Lilareine,lilareine
moth_chimister,Chimister,chimister
moth_furgeant,Furgeant,furgeant
moth_gardered,Gardered,gardered
fox_halcyon,Halcyon,halcyon
guestip2_hero1,,
guestip2_hero2,,
guestip2_hero3,,
guestip2_hero4,,
guestip2_hero5,,
guestip2_hero6,,
guestip2_hero7,,
guestip2_hero8,,
guestip2_hero9,,
guestip2_hero10,,
fox_nibbles,Nibbles,nibbles
fox_foxglove,Foxglove,foxglove
fox_nettletail,Nettletail,nettletail
slime_verdigoo,Verdigoo,verdigoo
slime_goldrip,Goldrip,goldrip
slime_zestique,Zestique,zestique
slime_sliposi,Sliposi,sliposi
slime_gloozmer,Gloozmer,gloozmer
slime_slaymire,Slaymire,slaymire
slime_labblub,Labblub,labblub
fox_riverfang,Riverfang,riverfang
mimic_ascension_item_red,Ascension Mimic <Fire>,ascension_mimic_fire
mimic_ascension_item_blue,Ascension Mimic <Ice>,ascension_mimic_ice
mimic_ascension_item_green,Ascension Mimic <Nature>,ascension_mimic_nature
mimic_ascension_item_yellow,Ascension Mimic <Holy>,ascension_mimic_holy
mimic_ascension_item_purple,Ascension Mimic <Dark>,ascension_mimic_dark
mahayoddha_bhima,Bhima,bhima
mahayoddha_chitrangada,Chitrangada,chitrangada
kalevala_mother_lemminkainen,Mother Lemminkäinen,mother_lemminkäinen
kalevala_suomuhauki,Suomuhauki,suomuhauki
vegetable_bartholomew,Bartholomew,bartholomew
vegetable_elsbeth,Elsbeth,elsbeth
magic_carpet_ragrim,Ragrim,ragrim
magic_carpet_bart,Bart,bart
construct_ironheart,Ironheart,ironheart
construct_ironvein,Ironvein,ironvein
construct_glacivolt,Glacivolt,glacivolt
construct_halwinter,Halwinter,halwinter
construct_hotspin,Hotspin,hotspin
construct_sizzle3000,Sizzle 3000,sizzle_3000
construct_zavok,Zavok,zavok
construct_arzen,Arzen,arzen
construct_sylosis,Sylosis,sylosis
construct_dancrag,Dancrag,dancrag